<?xml version='1.0' encoding='UTF-8'?>

<actions>
    <action>
        <id>1</id>
        <type>userjoins</type>
        <date>2012-04-26 12:03:38</date>
        <user>1</user>
        <realUser />
        <ip>127.0.0.1</ip>
        <node />
        <extraData />
        <canceled state="false" />
        <reputes>
            <repute byCanceled="false">
                <user>1</user>
                <value>1</value>
            </repute>
        </reputes>
    </action>
    <action>
        <id>2</id>
        <type>userlogin</type>
        <date>2012-04-26 12:03:39</date>
        <user>1</user>
        <realUser />
        <ip>127.0.0.1</ip>
        <node />
        <extraData />
        <canceled state="false" />
        <reputes />
    </action>
    <action>
        <id>3</id>
        <type>userjoins</type>
        <date>2012-12-27 09:52:09</date>
        <user>2</user>
        <realUser />
        <ip>192.168.1.5</ip>
        <node />
        <extraData />
        <canceled state="false" />
        <reputes>
            <repute byCanceled="false">
                <user>2</user>
                <value>1</value>
            </repute>
        </reputes>
    </action>
    <action>
        <id>4</id>
        <type>userlogin</type>
        <date>2012-12-27 09:52:09</date>
        <user>2</user>
        <realUser />
        <ip>192.168.1.5</ip>
        <node />
        <extraData />
        <canceled state="false" />
        <reputes />
    </action>
    <action>
        <id>5</id>
        <type>ask</type>
        <date>2012-12-27 09:52:28</date>
        <user>2</user>
        <realUser />
        <ip>192.168.1.5</ip>
        <node>1</node>
        <extraData />
        <canceled state="false" />
        <reputes />
    </action>
    <action>
        <id>6</id>
        <type>userlogin</type>
        <date>2012-12-28 00:38:38</date>
        <user>2</user>
        <realUser />
        <ip>192.168.1.5</ip>
        <node />
        <extraData />
        <canceled state="false" />
        <reputes />
    </action>
    <action>
        <id>7</id>
        <type>userlogin</type>
        <date>2012-12-28 19:04:50</date>
        <user>1</user>
        <realUser />
        <ip>192.168.1.5</ip>
        <node />
        <extraData />
        <canceled state="false" />
        <reputes />
    </action>
    <action>
        <id>8</id>
        <type>userlogin</type>
        <date>2013-01-12 12:52:25</date>
        <user>1</user>
        <realUser />
        <ip>192.168.1.5</ip>
        <node />
        <extraData />
        <canceled state="false" />
        <reputes />
    </action>
    <action>
        <id>9</id>
        <type>editprofile</type>
        <date>2013-01-12 13:54:50</date>
        <user>1</user>
        <realUser />
        <ip>192.168.1.5</ip>
        <node />
        <extraData />
        <canceled state="false" />
        <reputes />
    </action>
    <action>
        <id>10</id>
        <type>award</type>
        <date>2013-01-12 13:54:51</date>
        <user>1</user>
        <realUser />
        <ip />
        <node />
        <extraData />
        <canceled state="false" />
        <reputes />
    </action>
    <action>
        <id>11</id>
        <type>editprofile</type>
        <date>2013-01-12 14:01:16</date>
        <user>1</user>
        <realUser />
        <ip>192.168.1.5</ip>
        <node />
        <extraData />
        <canceled state="false" />
        <reputes />
    </action>
    <action>
        <id>12</id>
        <type>userlogin</type>
        <date>2013-01-12 15:38:58</date>
        <user>1</user>
        <realUser />
        <ip>192.168.1.5</ip>
        <node />
        <extraData />
        <canceled state="false" />
        <reputes />
    </action>
    <action>
        <id>13</id>
        <type>userlogin</type>
        <date>2013-01-12 15:39:43</date>
        <user>1</user>
        <realUser />
        <ip>192.168.1.5</ip>
        <node />
        <extraData />
        <canceled state="false" />
        <reputes />
    </action>
    <action>
        <id>14</id>
        <type>ask</type>
        <date>2013-01-12 15:47:02</date>
        <user>1</user>
        <realUser />
        <ip>192.168.1.5</ip>
        <node>2</node>
        <extraData />
        <canceled state="false" />
        <reputes />
    </action>
    <action>
        <id>15</id>
        <type>ask</type>
        <date>2013-01-12 16:03:23</date>
        <user>1</user>
        <realUser />
        <ip>192.168.1.5</ip>
        <node>3</node>
        <extraData />
        <canceled state="false" />
        <reputes />
    </action>
    <action>
        <id>16</id>
        <type>userlogin</type>
        <date>2013-01-12 17:27:52</date>
        <user>1</user>
        <realUser />
        <ip>192.168.1.5</ip>
        <node />
        <extraData />
        <canceled state="false" />
        <reputes />
    </action>
    <action>
        <id>17</id>
        <type>voteup</type>
        <date>2013-01-12 18:26:31</date>
        <user>1</user>
        <realUser />
        <ip>192.168.1.5</ip>
        <node>1</node>
        <extraData />
        <canceled state="false" />
        <reputes>
            <repute byCanceled="false">
                <user>2</user>
                <value>10</value>
            </repute>
        </reputes>
    </action>
    <action>
        <id>18</id>
        <type>award</type>
        <date>2013-01-12 18:26:32</date>
        <user>1</user>
        <realUser />
        <ip />
        <node />
        <extraData />
        <canceled state="false" />
        <reputes />
    </action>
    <action>
        <id>19</id>
        <type>award</type>
        <date>2013-01-12 18:26:32</date>
        <user>2</user>
        <realUser />
        <ip />
        <node />
        <extraData />
        <canceled state="false" />
        <reputes />
    </action>
    <action>
        <id>20</id>
        <type>answer</type>
        <date>2013-01-12 18:30:28</date>
        <user>1</user>
        <realUser />
        <ip>192.168.1.5</ip>
        <node>4</node>
        <extraData />
        <canceled state="false" />
        <reputes />
    </action>
</actions>