<?xml version='1.0' encoding='UTF-8'?>

<nodes>
    <node>
        <id>1</id>
        <type>question</type>
        <author>2</author>
        <date>2012-12-27 09:52:28</date>
        <parent />
        <absparent />
        <lastactivity>
            <by>1</by>
            <at>2013-01-12 18:30:28</at>
        </lastactivity>
        <title>thefuck is going on</title>
        <body>&lt;p&gt;whats going on?&lt;/p&gt;</body>
        <score>1</score>
        <tags>
            <tag>atag</tag>
        </tags>
        <revisions active="1">
            <revision>
                <number>1</number>
                <summary />
                <author>2</author>
                <date>2012-12-27 09:52:28</date>
                <title>thefuck is going on</title>
                <body>whats going on?</body>
                <tags>atag</tags>
            </revision>
        </revisions>
        <marked>false</marked>
        <wiki>false</wiki>
        <extraRef />
        <extraData />
        <extraCount>3</extraCount>
    </node>
    <node>
        <id>2</id>
        <type>question</type>
        <author>1</author>
        <date>2013-01-12 15:47:02</date>
        <parent />
        <absparent />
        <lastactivity>
            <by>1</by>
            <at>2013-01-12 15:47:02</at>
        </lastactivity>
        <title>what is this forum meant to do yo?</title>
        <body>&lt;p&gt;this is some text&lt;/p&gt;
&lt;pre&gt;&lt;code&gt;and here is some code
&lt;/code&gt;&lt;/pre&gt;
&lt;p&gt;yo!&lt;/p&gt;</body>
        <score />
        <tags>
            <tag>yam</tag>
            <tag>code</tag>
            <tag>zoom</tag>
            <tag>yo</tag>
        </tags>
        <revisions active="1">
            <revision>
                <number>1</number>
                <summary />
                <author>1</author>
                <date>2013-01-12 15:47:02</date>
                <title>what is this forum meant to do yo?</title>
                <body>this is some text

    and here is some code

yo!</body>
                <tags>yam, code, zoom, yo</tags>
            </revision>
        </revisions>
        <marked>false</marked>
        <wiki>false</wiki>
        <extraRef />
        <extraData />
        <extraCount>1</extraCount>
    </node>
    <node>
        <id>3</id>
        <type>question</type>
        <author>1</author>
        <date>2013-01-12 16:03:23</date>
        <parent />
        <absparent />
        <lastactivity>
            <by>1</by>
            <at>2013-01-12 16:03:23</at>
        </lastactivity>
        <title>die is ein frage zu schauze</title>
        <body>&lt;p&gt;asd adsh aldh ajsdh asjkdhjkas fsdh asjkhd kjasdhjkashdku asd sad ads asd asdas&lt;/p&gt;</body>
        <score />
        <tags>
            <tag>aae</tag>
            <tag>aad</tag>
            <tag>aaf</tag>
            <tag>aac</tag>
            <tag>aab</tag>
        </tags>
        <revisions active="1">
            <revision>
                <number>1</number>
                <summary />
                <author>1</author>
                <date>2013-01-12 16:03:23</date>
                <title>die is ein frage zu schauze</title>
                <body>asd adsh aldh ajsdh asjkdhjkas fsdh asjkhd kjasdhjkashdku asd sad ads asd asdas</body>
                <tags>aae, aad, aaf, aac, aab</tags>
            </revision>
        </revisions>
        <marked>false</marked>
        <wiki>false</wiki>
        <extraRef />
        <extraData />
        <extraCount>2</extraCount>
    </node>
    <node>
        <id>4</id>
        <type>answer</type>
        <author>1</author>
        <date>2013-01-12 18:30:28</date>
        <parent>1</parent>
        <absparent>1</absparent>
        <lastactivity>
            <by>1</by>
            <at>2013-01-12 18:30:28</at>
        </lastactivity>
        <title />
        <body>&lt;p&gt;you guy rocks!&lt;/p&gt;</body>
        <score />
        <tags />
        <revisions active="1">
            <revision>
                <number>1</number>
                <summary />
                <author>1</author>
                <date>2013-01-12 18:30:28</date>
                <title />
                <body>you guy rocks!</body>
                <tags />
            </revision>
        </revisions>
        <marked>false</marked>
        <wiki>false</wiki>
        <extraRef />
        <extraData />
        <extraCount />
    </node>
</nodes>