<?xml version='1.0' encoding='UTF-8'?>

<tags>
    <tag>
        <name>atag</name>
        <author>2</author>
        <used>1</used>
    </tag>
    <tag>
        <name>yam</name>
        <author>1</author>
        <used>1</used>
    </tag>
    <tag>
        <name>code</name>
        <author>1</author>
        <used>1</used>
    </tag>
    <tag>
        <name>zoom</name>
        <author>1</author>
        <used>1</used>
    </tag>
    <tag>
        <name>yo</name>
        <author>1</author>
        <used>1</used>
    </tag>
    <tag>
        <name>aae</name>
        <author>1</author>
        <used>1</used>
    </tag>
    <tag>
        <name>aad</name>
        <author>1</author>
        <used>1</used>
    </tag>
    <tag>
        <name>aaf</name>
        <author>1</author>
        <used>1</used>
    </tag>
    <tag>
        <name>aac</name>
        <author>1</author>
        <used>1</used>
    </tag>
    <tag>
        <name>aab</name>
        <author>1</author>
        <used>1</used>
    </tag>
</tags>