<?xml version='1.0' encoding='UTF-8'?>

<users>
    <user>
        <id>1</id>
        <username>user</username>
        <password>sha1$cd38a$8a0064e803f12d67f2ebf3b353db9cb623ef6920</password>
        <email validated="false">jn.detlefsen@gmail.com</email>
        <reputation>1</reputation>
        <badges bronze="2" gold="0" silver="0" />
        <joindate>2012-04-26 12:03:38</joindate>
        <active>true</active>
        <realname>Jan Detlefsen</realname>
        <bio>this is me!</bio>
        <location>Bangkok</location>
        <website>http://www.freeduino.de/</website>
        <birthdate>1977-05-25</birthdate>
        <roles>
            <role>superuser</role>
            <role>moderator</role>
        </roles>
        <authKeys />
        <notifications enabled="true">
            <notify member_joins="false" new_question="false" new_question_watched_tags="true" subscribed_questions="true" />
            <autoSubscribe all_questions="false" all_questions_watched_tags="false" questions_answered="false" questions_asked="false" questions_commented="false" questions_viewed="false" />
            <notifyOnSubscribed accepted="false" answers="true" comments="false" comments_own_post="true" reply_to_comments="true" />
            <digest>on</digest>
        </notifications>
        <watchedTags />
        <rejectedTags />
    </user>
    <user>
        <id>2</id>
        <username>admin</username>
        <password>sha1$03343$7dd79b07694131aba2548aae19ba507ffcd18fcc</password>
        <email validated="false">jndetlefsen@gmail.com</email>
        <reputation>11</reputation>
        <badges bronze="1" gold="0" silver="0" />
        <joindate>2012-12-27 09:52:09</joindate>
        <active>true</active>
        <realname />
        <bio />
        <location />
        <website />
        <birthdate />
        <roles />
        <authKeys />
        <notifications enabled="true">
            <notify member_joins="false" new_question="false" new_question_watched_tags="true" subscribed_questions="true" />
            <autoSubscribe all_questions="false" all_questions_watched_tags="false" questions_answered="false" questions_asked="false" questions_commented="false" questions_viewed="false" />
            <notifyOnSubscribed accepted="false" answers="true" comments="false" comments_own_post="true" reply_to_comments="true" />
            <digest>on</digest>
        </notifications>
        <watchedTags />
        <rejectedTags />
    </user>
</users>